{
  "cricket.txt": "4644e0b2e21b9a8607eee44206ed8e43",
  "dlf.md": "8b99308d97aa5ec282f60ed7f15b3d39",
  "DLF_13072023190044_BRSR.pdf": "dc8857484ce7490ca44f888af5669f19",
  "economic.md": "3256355aa34049d3df728f3e458132a7",
  "Experience Letter.docx": "ad0ebecbd466a9a7fccb788fbc0a56b9",
  "How to use Canvas LMS.pdf": "a9b443230736946b1f769b334b8c6d45",
  "INVG67564.pdf": "a6e144a816413ca4f9905316ab8d38ec",
  "markitdown.md": "e626751108325010eae576b25253dea4",
  "SAMPLE-Indian-Policies-and-Procedures-January-2023.docx": "5fc9bf3d4737d2e042387a3710d51851",
  "Tesla_Motors_IP_Open_Innovation_and_the_Carbon_Crisis_-_Matthew_Rimmer.pdf": "02634c255c1e42430c7d34b33d8512d2",
  "DELETE_IMAGES.pdf": "2c9fdc7cb1a20eaa42ddbed56daffead"
}